{"classes":["AGELOGIC","CANCERTYPE","CANCERSUBTYPE","METASTASISSTAGECODE","STAGECODE","TUMORSTAGECODE","ECOG","LYMPHNODESTAGECODE","EGFRMUTATIONSTATUS","ALKTRANSLOCATIONSTATUS","KARNOFSKYSCORE","GENDER","AGEINT","WEIGHTINT","WEIGHTLOGIC"],"annotations":[["Stage IIA - IIIA NSCLC Inclusion Criteria: >= 18 Years of Age Informed consent is provided Histologically confirmed resectable non-small cell lung cancer with stage II - IV (TNM 8th edition)Eastern Cooperative Oncology Group (ECOG) performance status 0-1 Epidermal growth factor receptor (EGFR) mutation negative and anaplastic lymphoma kinase (ALK) translocation negative and Karnofsky Performance Score of 60 to 100\r\n\r\n",{"entities":[[6,9,"STAGECODE"],[12,16,"STAGECODE"],[17,22,"CANCERTYPE"],[43,45,"AGELOGIC"],[46,48,"AGEINT"],[127,153,"CANCERTYPE"],[165,167,"STAGECODE"],[170,172,"STAGECODE"],[190,254,"ECOG"],[255,312,"EGFRMUTATIONSTATUS"],[317,372,"ALKTRANSLOCATIONSTATUS"],[408,410,"KARNOFSKYSCORE"],[414,417,"KARNOFSKYSCORE"]]}],["\r\n\r\nStage IA - IIA NSCLC Inclusion Criteria: >= 18 Years of Age Informed consent is provided Histologically confirmed resectable non-small cell lung cancer with stage II - IIIA (TNM 8th edition) Eastern Cooperative Oncology Group (ECOG) performance status 1-3 Epidermal growth factor receptor (EGFR) mutation negative and anaplastic lymphoma kinase (ALK) translocation negative and Karnofsky Performance Score of 50 to 80\r\n\r\n",{"entities":[[10,12,"STAGECODE"],[15,18,"STAGECODE"],[19,24,"CANCERTYPE"],[45,47,"AGELOGIC"],[48,50,"AGEINT"],[129,155,"CANCERTYPE"],[167,169,"STAGECODE"],[172,176,"STAGECODE"],[195,259,"ECOG"],[260,317,"EGFRMUTATIONSTATUS"],[322,377,"ALKTRANSLOCATIONSTATUS"],[413,415,"KARNOFSKYSCORE"],[419,421,"KARNOFSKYSCORE"]]}],["\r\n\r\nStage IIB - IIIA NSCLC Inclusion Criteria: >= 17 Years of Age Informed consent is provided Histologically confirmed resectable non-small cell lung cancer with stage IA - IIIA (TNM 8th edition) Eastern Cooperative Oncology Group (ECOG) performance status 0-2 Epidermal growth factor receptor (EGFR) mutation negative and anaplastic lymphoma kinase (ALK) translocation positive Body weight > 30 kg  and ( KPS 70 - 100)\r\n\r\n",{"entities":[[10,13,"STAGECODE"],[16,20,"STAGECODE"],[21,26,"CANCERTYPE"],[47,49,"WEIGHTLOGIC"],[50,52,"WEIGHTINT"],[131,157,"CANCERTYPE"],[169,171,"STAGECODE"],[174,178,"STAGECODE"],[197,261,"ECOG"],[262,319,"EGFRMUTATIONSTATUS"],[324,379,"ALKTRANSLOCATIONSTATUS"],[392,393,"WEIGHTLOGIC"],[394,396,"WEIGHTINT"],[411,413,"KARNOFSKYSCORE"],[416,419,"KARNOFSKYSCORE"]]}],["\r\n\r\n\r\nStage IIB - IIIA NSCLC Inclusion Criteria: >= 15 Years of Age Informed consent is provided Histologically confirmed resectable non-small cell lung cancer with stage II - IIIA (TNM 8th edition) ECOG 0-2 Epidermal growth factor receptor (EGFR) mutation negative and anaplastic lymphoma kinase (ALK) translocation negative Body weight > 50 kg and ( KPS 70 - 100 ) \r\n \r\n",{"entities":[[12,15,"STAGECODE"],[18,22,"STAGECODE"],[23,28,"CANCERTYPE"],[49,51,"AGELOGIC"],[52,54,"AGEINT"],[133,159,"CANCERTYPE"],[171,173,"STAGECODE"],[176,180,"STAGECODE"],[199,207,"ECOG"],[208,265,"EGFRMUTATIONSTATUS"],[270,316,"ALKTRANSLOCATIONSTATUS"],[338,339,"WEIGHTLOGIC"],[340,342,"WEIGHTINT"],[356,358,"KARNOFSKYSCORE"],[361,364,"KARNOFSKYSCORE"]]}],["\r\n\r\n\r\nStage I - IIIA NSCLC Inclusion Criteria: >= 13 Years of Age Informed consent is provided Histologically confirmed resectable non-small cell lung cancer with stage II - IIIA (TNM 8th edition) ECOG performance status 1-3 Epidermal growth factor receptor (EGFR) mutation negative and ALK translocation negative Body weight < 90 kg and  ( KPS 90 - 100 )\r\n \r\n",{"entities":[[12,13,"STAGECODE"],[16,20,"STAGECODE"],[21,26,"CANCERTYPE"],[47,49,"AGELOGIC"],[50,52,"AGEINT"],[131,157,"CANCERTYPE"],[169,171,"STAGECODE"],[174,178,"STAGECODE"],[197,224,"ECOG"],[225,282,"EGFRMUTATIONSTATUS"],[287,313,"ALKTRANSLOCATIONSTATUS"],[326,327,"WEIGHTLOGIC"],[328,330,"WEIGHTINT"],[345,347,"KARNOFSKYSCORE"],[350,353,"KARNOFSKYSCORE"]]}],["\r\n\r\nStage I - IIIA NSCLC Inclusion Criteria: >= 13 Years of Age Informed consent is provided Histologically confirmed resectable non-small cell lung cancer with stage II - IIIA (TNM 8th edition) Eastern Cooperative Oncology Group (ECOG) performance status 0-1 Epidermal growth factor receptor (EGFR) mutation negative and ALK translocation positive Body weight < 70 kg  ( KPS 50 - 100 )\r\n\r\n",{"entities":[[10,11,"STAGECODE"],[14,18,"STAGECODE"],[19,24,"CANCERTYPE"],[45,47,"AGELOGIC"],[48,50,"AGEINT"],[129,155,"CANCERTYPE"],[167,169,"STAGECODE"],[172,176,"STAGECODE"],[195,259,"ECOG"],[260,317,"EGFRMUTATIONSTATUS"],[322,348,"ALKTRANSLOCATIONSTATUS"],[361,362,"WEIGHTLOGIC"],[363,365,"WEIGHTINT"],[376,378,"KARNOFSKYSCORE"],[381,384,"KARNOFSKYSCORE"]]}],["\r\n\r\nStage I - IV NSCLC Inclusion Criteria: <= 50 Years of Age Informed consent is provided Histologically confirmed resectable non-small cell lung cancer with stage II - IIIA (TNM 8th edition) Eastern Cooperative Oncology Group (ECOG) performance status 0-1 Epidermal growth factor receptor (EGFR) mutation negative and ALK translocation positive Body weight > 20 kg \r\n\r\n",{"entities":[[10,11,"STAGECODE"],[14,16,"STAGECODE"],[17,22,"CANCERTYPE"],[43,45,"AGELOGIC"],[127,153,"CANCERTYPE"],[165,167,"STAGECODE"],[170,174,"STAGECODE"],[193,257,"ECOG"],[258,315,"EGFRMUTATIONSTATUS"],[320,346,"ALKTRANSLOCATIONSTATUS"],[359,360,"WEIGHTLOGIC"],[361,363,"WEIGHTINT"]]}],["\r\n\r\nStage IIIA - IV NSCLC Inclusion Criteria: <= 40 Years of Age Informed consent is provided Histologically confirmed resectable non-small cell lung cancer with stage II - IIIA (TNM 8th edition) Eastern Cooperative Oncology Group (ECOG) performance status 0-1 EGFR mutation positive and anaplastic lymphoma kinase (ALK) translocation positive \r\n\r\n",{"entities":[[10,14,"STAGECODE"],[17,19,"STAGECODE"],[20,25,"CANCERTYPE"],[46,48,"AGELOGIC"],[49,51,"AGEINT"],[130,156,"CANCERTYPE"],[168,170,"STAGECODE"],[173,177,"STAGECODE"],[196,260,"ECOG"],[261,283,"EGFRMUTATIONSTATUS"],[288,343,"ALKTRANSLOCATIONSTATUS"]]}],["\r\n\r\nStage IIIA - IIIB NSCLC Inclusion Criteria: less than 40 Years of Age Informed consent is provided Histologically confirmed resectable non-small cell lung cancer with stage II - IIIA (TNM 8th edition) Eastern Cooperative Oncology Group (ECOG) performance status 0-1 Epidermal growth factor receptor (EGFR) mutation negative and ALK translocation positive\r\n\r\n",{"entities":[[10,14,"STAGECODE"],[17,21,"STAGECODE"],[22,27,"CANCERTYPE"],[48,57,"AGELOGIC"],[58,60,"AGEINT"],[139,165,"CANCERTYPE"],[177,179,"STAGECODE"],[182,186,"STAGECODE"],[205,269,"ECOG"],[270,327,"EGFRMUTATIONSTATUS"],[332,358,"ALKTRANSLOCATIONSTATUS"]]}],["\r\n\r\nStage IIA - IV NSCLC Inclusion Criteria: less than 50 Years of Age Informed consent is provided Histologically confirmed resectable non-small cell lung cancer with stage II - IIIA (TNM 8th edition) Eastern Cooperative Oncology Group (ECOG) performance status 0-1 Epidermal growth factor receptor (EGFR) mutation negative and anaplastic lymphoma kinase (ALK) translocation negative and Tumor Stage Code T1 , T4\r\n\r\n\r\n",{"entities":[[10,13,"STAGECODE"],[16,18,"STAGECODE"],[19,24,"CANCERTYPE"],[45,54,"AGELOGIC"],[55,57,"AGEINT"],[136,162,"CANCERTYPE"],[174,176,"STAGECODE"],[179,183,"STAGECODE"],[202,266,"ECOG"],[267,324,"EGFRMUTATIONSTATUS"],[329,384,"ALKTRANSLOCATIONSTATUS"],[406,408,"TUMORSTAGECODE"],[411,413,"TUMORSTAGECODE"]]}],["\r\n\r\nStage IIIA - IV Inclusion Criteria: greater than 13 Years of Age Informed consent is provided Histologically confirmed resectable non-small cell lung cancer with stage II - IIIA (TNM 8th edition) Eastern Cooperative Oncology Group (ECOG) performance status 0-1 Epidermal growth factor receptor (EGFR) mutation negative and anaplastic lymphoma kinase (ALK) translocation negative and Tumor Stage Code T1 , T2 , T3 , TX , T4 Female only\r\n \r\n",{"entities":[[10,14,"STAGECODE"],[17,19,"STAGECODE"],[40,52,"AGELOGIC"],[53,55,"AGEINT"],[134,160,"CANCERTYPE"],[172,174,"STAGECODE"],[177,181,"STAGECODE"],[200,264,"ECOG"],[265,322,"EGFRMUTATIONSTATUS"],[327,382,"ALKTRANSLOCATIONSTATUS"],[404,406,"TUMORSTAGECODE"],[409,411,"TUMORSTAGECODE"],[414,416,"TUMORSTAGECODE"],[419,421,"TUMORSTAGECODE"],[424,426,"TUMORSTAGECODE"],[427,433,"GENDER"]]}],["\r\n\r\nStage IIIA - IV Inclusion Criteria: less than 90 Years of Age Informed consent is provided Histologically confirmed resectable non-small cell lung cancer with stage II - IIIA (TNM 8th edition) Eastern Cooperative Oncology Group (ECOG) performance status 0-1 Epidermal growth factor receptor (EGFR) mutation negative and anaplastic lymphoma kinase (ALK) translocation negative and Tumor Stage Code T1A , T2A , T3 , TX , T4 Men only\r\n\r\n",{"entities":[[10,14,"STAGECODE"],[17,19,"STAGECODE"],[40,49,"AGELOGIC"],[50,52,"AGEINT"],[131,157,"CANCERTYPE"],[169,171,"STAGECODE"],[174,178,"STAGECODE"],[197,261,"ECOG"],[262,319,"EGFRMUTATIONSTATUS"],[324,379,"ALKTRANSLOCATIONSTATUS"],[401,404,"TUMORSTAGECODE"],[407,410,"TUMORSTAGECODE"],[413,415,"TUMORSTAGECODE"],[418,420,"TUMORSTAGECODE"],[423,425,"TUMORSTAGECODE"],[426,429,"GENDER"]]}],["\r\n\r\nStage IIB - IIIA Inclusion Criteria: >= 18 Years of Age Informed consent is provided Histologically confirmed resectable non-small cell lung cancer with stage II - IV (TNM 8th edition) Eastern Cooperative Oncology Group (ECOG) performance status 0-2 Epidermal growth factor receptor (EGFR) mutation negative and anaplastic lymphoma kinase (ALK) translocation negative Subtype of LUAD and Presence of metastasis M1 , M1A Neoplasm Disease Lymph Node Stage American Joint Committee on Cancer Code N3 , N2 , N1 , NX Type of Lung Adenocarcinoma and Tumor Stage Code T1B , T2B , T3 , TX , T4 and Body wight > 30 Kg and Karnofsky Performance Score of 50 to 80 Male patients only \r\n\r\n",{"entities":[[10,13,"STAGECODE"],[16,20,"STAGECODE"],[41,43,"AGELOGIC"],[44,46,"AGEINT"],[125,151,"CANCERTYPE"],[163,165,"STAGECODE"],[168,170,"STAGECODE"],[189,253,"ECOG"],[254,311,"EGFRMUTATIONSTATUS"],[316,371,"ALKTRANSLOCATIONSTATUS"],[383,387,"CANCERSUBTYPE"],[415,417,"METASTASISSTAGECODE"],[420,423,"METASTASISSTAGECODE"],[498,500,"LYMPHNODESTAGECODE"],[503,505,"LYMPHNODESTAGECODE"],[508,510,"LYMPHNODESTAGECODE"],[513,515,"LYMPHNODESTAGECODE"],[565,568,"TUMORSTAGECODE"],[571,574,"TUMORSTAGECODE"],[577,579,"TUMORSTAGECODE"],[582,584,"TUMORSTAGECODE"],[587,589,"TUMORSTAGECODE"],[605,606,"WEIGHTLOGIC"],[607,609,"WEIGHTINT"],[648,650,"KARNOFSKYSCORE"],[654,656,"KARNOFSKYSCORE"],[657,661,"GENDER"]]}],["\r\n\r\nStage IB - IIIA Inclusion Criteria: >= 18 Years of Age Informed consent is provided Histologically confirmed resectable non-small cell lung cancer with stage II - IV (TNM 8th edition) Eastern Cooperative Oncology Group (ECOG) performance status 0-2 Epidermal growth factor receptor (EGFR) mutation negative and anaplastic lymphoma kinase (ALK) translocation negative Subtype of LUAD and Presence of metastasis M1 , M1A Neoplasm Disease Lymph Node Stage American Joint Committee on Cancer Code N3 , N1 , NX , N2 Type of Lung  Adenocarcinoma Only Men\r\n\r\n",{"entities":[[10,12,"STAGECODE"],[15,19,"STAGECODE"],[40,42,"AGELOGIC"],[43,45,"AGEINT"],[124,161,"CANCERTYPE"],[162,164,"STAGECODE"],[167,169,"STAGECODE"],[188,252,"ECOG"],[253,310,"EGFRMUTATIONSTATUS"],[315,370,"ALKTRANSLOCATIONSTATUS"],[382,386,"CANCERSUBTYPE"],[414,416,"METASTASISSTAGECODE"],[419,422,"METASTASISSTAGECODE"],[497,499,"LYMPHNODESTAGECODE"],[502,504,"LYMPHNODESTAGECODE"],[507,509,"LYMPHNODESTAGECODE"],[512,514,"LYMPHNODESTAGECODE"],[523,543,"CANCERTYPE"],[549,552,"GENDER"]]}],["\r\n\r\nStage IIB - IIIA Inclusion Criteria: >= 18 Years of Age Informed consent is provided Histologically confirmed resectable non-small cell lung cancer with stage II - IIIA (TNM 8th edition) Eastern Cooperative Oncology Group (ECOG) performance status 0-1 Epidermal growth factor receptor (EGFR) mutation negative and anaplastic lymphoma kinase (ALK) translocation negative Subtype of LUAD and Presence of metastasis M1A, M1B, M1X Neoplasm Disease Lymph Node Stage American Joint Committee on Cancer Code N0 , N1 , N2 , N3 Subtype of LUAD\r\nWomen only\t\r\n\r\n",{"entities":[[10,13,"STAGECODE"],[16,20,"STAGECODE"],[41,43,"AGELOGIC"],[44,46,"AGEINT"],[125,151,"CANCERTYPE"],[163,165,"STAGECODE"],[168,172,"STAGECODE"],[191,255,"ECOG"],[256,313,"EGFRMUTATIONSTATUS"],[318,373,"ALKTRANSLOCATIONSTATUS"],[385,389,"CANCERSUBTYPE"],[417,420,"METASTASISSTAGECODE"],[422,425,"METASTASISSTAGECODE"],[427,430,"METASTASISSTAGECODE"],[505,507,"LYMPHNODESTAGECODE"],[510,512,"LYMPHNODESTAGECODE"],[515,517,"LYMPHNODESTAGECODE"],[520,522,"LYMPHNODESTAGECODE"],[534,538,"CANCERSUBTYPE"],[540,545,"GENDER"]]}],["\r\n\r\n\r\nStage IIB - IIIA NSCLC Inclusion Criteria: >= 18 Years of Age Informed consent is provided Histologically confirmed resectable non-small cell lung cancer with stage IIA - IIIA (TNM 8th edition) Eastern Cooperative Oncology Group (ECOG) performance status 1-2 Epidermal growth factor receptor (EGFR) mutation negative and anaplastic lymphoma kinase (ALK) translocation negative Subtype of LUAD and Absence of metastasis and Tumor Stage Code T1A, T1B, T2B, TX Male and Female patients only\r\n\r\n",{"entities":[[12,15,"STAGECODE"],[18,22,"STAGECODE"],[23,28,"CANCERTYPE"],[49,51,"AGELOGIC"],[52,54,"AGEINT"],[133,159,"CANCERTYPE"],[171,174,"STAGECODE"],[177,181,"STAGECODE"],[200,264,"ECOG"],[265,322,"EGFRMUTATIONSTATUS"],[327,382,"ALKTRANSLOCATIONSTATUS"],[394,398,"CANCERSUBTYPE"],[446,449,"TUMORSTAGECODE"],[451,454,"TUMORSTAGECODE"],[456,459,"TUMORSTAGECODE"],[461,463,"TUMORSTAGECODE"],[464,468,"GENDER"],[473,479,"GENDER"]]}],["\r\n\r\nStage IIB - IIIA NSCLC Inclusion Criteria: greter than 18 Years of Age Informed consent is provided Histologically confirmed resectable non-small cell lung cancer with stage I - IIIA (TNM 8th edition) Eastern Cooperative Oncology Group (ECOG) performance status 1-3 Epidermal growth factor receptor (EGFR) mutation negative and anaplastic lymphoma kinase (ALK) translocation negative Subtype of LUAD and Absence of metastasis M0 and Tumor Stage Code T2A, T2, TX female only\r\n\r\n",{"entities":[[10,13,"STAGECODE"],[16,20,"STAGECODE"],[21,26,"CANCERTYPE"],[47,58,"AGELOGIC"],[59,61,"AGEINT"],[140,166,"CANCERTYPE"],[178,179,"STAGECODE"],[182,186,"STAGECODE"],[205,269,"ECOG"],[270,327,"EGFRMUTATIONSTATUS"],[332,364,"ALKTRANSLOCATIONSTATUS"],[396,403,"CANCERSUBTYPE"],[430,432,"METASTASISSTAGECODE"],[454,457,"TUMORSTAGECODE"],[459,461,"TUMORSTAGECODE"],[463,465,"TUMORSTAGECODE"],[466,472,"GENDER"]]}],["\r\n\r\nStage IIB - IIIA NSCLC Inclusion Criteria: >= 18 Years of Age Informed consent is provided Histologically confirmed resectable non-small cell lung cancer with stage II - IIIA (TNM 8th edition) Eastern Cooperative Oncology Group (ECOG) performance status 0-3 Epidermal growth factor receptor (EGFR) mutation negative and anaplastic lymphoma kinase (ALK) translocation negative Subtype of Lung adenocarcinoma and Presence of metastasis M1, M1A and Karnofsky Performance Score of >= 50 and Tumor Stage Code T1A - TX and only men\r\n \r\n",{"entities":[[10,13,"STAGECODE"],[16,20,"STAGECODE"],[21,26,"CANCERTYPE"],[47,49,"AGELOGIC"],[50,52,"AGEINT"],[131,157,"CANCERTYPE"],[169,171,"STAGECODE"],[174,178,"STAGECODE"],[197,261,"ECOG"],[262,319,"EGFRMUTATIONSTATUS"],[324,379,"ALKTRANSLOCATIONSTATUS"],[391,410,"CANCERTYPE"],[438,440,"METASTASISSTAGECODE"],[442,445,"METASTASISSTAGECODE"],[484,486,"KARNOFSKYSCORE"],[508,511,"TUMORSTAGECODE"],[514,516,"TUMORSTAGECODE"],[526,529,"GENDER"]]}],["\r\n\r\nStage IIB - IIIA NSCLC Inclusion Criteria: >= 18 Years of Age Informed consent is provided Histologically confirmed resectable non-small cell lung cancer with stage II - IIIA (TNM 8th edition) Eastern Cooperative Oncology Group (ECOG) performance status 0-3 Epidermal growth factor receptor (EGFR) mutation negative and anaplastic lymphoma kinase (ALK) translocation negative Subtype of Lung adenocarcinoma and Presence of metastasis M1, M1A and Karnofsky Performance Score of >= 80 and Tumor Stage Code T0 - T2 and only male\r\n\r\n",{"entities":[[10,13,"STAGECODE"],[16,20,"STAGECODE"],[21,26,"CANCERTYPE"],[47,49,"AGELOGIC"],[50,52,"AGEINT"],[131,157,"CANCERTYPE"],[169,173,"STAGECODE"],[174,178,"STAGECODE"],[197,261,"ECOG"],[262,319,"EGFRMUTATIONSTATUS"],[324,379,"ALKTRANSLOCATIONSTATUS"],[391,410,"CANCERTYPE"],[438,440,"METASTASISSTAGECODE"],[442,445,"METASTASISSTAGECODE"],[484,486,"KARNOFSKYSCORE"],[508,510,"TUMORSTAGECODE"],[513,515,"TUMORSTAGECODE"],[525,529,"GENDER"]]}],["\r\n\r\n\r\nStage IIB - IIIA NSCLC Inclusion Criteria: >= 18 Years of Age Informed consent is provided Histologically confirmed resectable non-small cell lung cancer with stage II - IIIA (TNM 8th edition) Eastern Cooperative Oncology Group (ECOG) performance status 0-3 Epidermal growth factor receptor (EGFR) mutation negative and anaplastic lymphoma kinase (ALK) translocation negative Subtype of Lung adenocarcinoma and Presence of metastasis M1, M1A and Karnofsky Performance Score of <= 70 and Tumor Stage Code T2 - T4 and only women\r\n\r\n",{"entities":[[12,15,"STAGECODE"],[18,22,"STAGECODE"],[23,28,"CANCERTYPE"],[49,51,"AGELOGIC"],[52,54,"AGEINT"],[133,159,"CANCERTYPE"],[171,173,"STAGECODE"],[176,180,"STAGECODE"],[199,263,"ECOG"],[264,321,"EGFRMUTATIONSTATUS"],[326,381,"ALKTRANSLOCATIONSTATUS"],[393,412,"CANCERTYPE"],[440,442,"METASTASISSTAGECODE"],[444,447,"METASTASISSTAGECODE"],[486,488,"KARNOFSKYSCORE"],[510,512,"TUMORSTAGECODE"],[515,517,"TUMORSTAGECODE"],[527,532,"GENDER"]]}],["\r\n\r\nStage IIB - IIIA NSCLC Inclusion Criteria: >= 18 Years of Age Informed consent is provided Histologically confirmed resectable non-small cell lung cancer with stage II - IIIA (TNM 8th edition) Eastern Cooperative Oncology Group (ECOG) performance status 0-3 Epidermal growth factor receptor (EGFR) mutation negative and anaplastic lymphoma kinase (ALK) translocation negative Subtype of Lung adenocarcinoma and Presence of metastasis M1, M1A and Tumor Stage Code T1 - T3 and only women\r\n\r\n",{"entities":[[10,13,"STAGECODE"],[16,20,"STAGECODE"],[21,26,"CANCERTYPE"],[47,49,"AGELOGIC"],[50,52,"AGEINT"],[131,157,"CANCERTYPE"],[169,171,"STAGECODE"],[174,178,"STAGECODE"],[197,261,"ECOG"],[262,319,"EGFRMUTATIONSTATUS"],[324,379,"ALKTRANSLOCATIONSTATUS"],[391,410,"CANCERTYPE"],[438,440,"METASTASISSTAGECODE"],[442,445,"METASTASISSTAGECODE"],[467,469,"TUMORSTAGECODE"],[472,474,"TUMORSTAGECODE"],[484,489,"GENDER"]]}],["\r\n\r\nExclusion Criteria: EGFR mutation positive and ALK translocation positive Active central nervous system (CNS) metastases Autoimmune diseases Inhaled or topical steroids, and adrenal replacement steroid doses > 10 mg daily prednisone equivalent, are permitted in the absence of active autoimmune disease Patients with interstitial lung disease will not be included if they have symptomatic interstitial lung disease (ILD) - Grade 3-4 Women who are breast feeding or pregnant Sexually active women or men of childbearing  potential ho are not willing to use an effective contraceptive method during the study \r\n\r\n\r\n",{"entities":[[24,46,"EGFRMUTATIONSTATUS"],[51,77,"ALKTRANSLOCATIONSTATUS"],[437,442,"GENDER"],[494,499,"GENDER"],[503,506,"GENDER"]]}],["\r\n\r\nAges Eligible for Study: 18 Years and older (Adult, Older Adult)Sexes Eligible for Study: All Accepts Healthy Volunteers: No Criteria Inclusion Criteria: Pathologically documented Stage IB , II , IIIA , or selected IIIB, including T3N2 or T4 (by size criteria, not by mediastinal invasion) NSCLC Adequate pulmonary and cardiac function Available biopsy of primary tumor with adequate samples\r\nEastern Cooperative Oncology Group (ECOG) performance status of 0 or 1 Exclusion Criteria: NSCLC that is clinically T4 by virtue of mediastinal organ invasion or Stage IIIB by virtue of  N3 disease Any prior therapy for lung cancer within 3 years. Prior treatment with anti-PD-1 or PD-L1 therapies History or risk of autoimmune disease \r\n\r\n",{"entities":[[29,31,"AGEINT"],[42,47,"AGELOGIC"],[190,192,"STAGECODE"],[195,197,"STAGECODE"],[200,204,"STAGECODE"],[219,223,"STAGECODE"],[243,245,"TUMORSTAGECODE"],[294,299,"CANCERTYPE"],[397,467,"ECOG"],[488,498,"CANCERTYPE"],[513,515,"TUMORSTAGECODE"],[565,569,"STAGECODE"],[584,586,"LYMPHNODESTAGECODE"]]}],["\r\n\r\nAges Eligible for Study: 18 Years and older (Adult, Older Adult) Sexes Eligible for Study: All Accepts Healthy Volunteers: No Criteri Inclusion Criteria: Capable of giving signed informed consent which includes compliance with the requirements and restrictions listed in the informed consent form (ICF) and in this protocol. Written informed consent and any locally required authorization obtained from the patient/legalrepresentative prior to performing any protocol- related procedures.Patient age > 18 at time of consent Early stage NSCLC (Stage I to IIIA ; T1 - 4 excluding patients with satellite nodules in the same or ipsilateral lobes, N0; AJCC 8th edition)Ineligible for or unwilling to undergo surgical resection. Reasons for surgical ineligibilityinclude: medically inoperable or surgically unresectable (due to tumor size, location etc.), as assessed by MSKCC thoracic surgeon or multi-disciplinary tumor board consensus.Reasons for ineligibility or patient's unwillingness to undergo surgical resection must be clearly documented. Histological and/or cytological confirmation of NSCLC as per standard of care biopsy; no additional research protocol-specific biopsy is needed. ECOG/WHO PS 0-1 ( KPS 70 - 100 )\r\n\r\n\r\n",{"entities":[[29,31,"AGEINT"],[42,47,"AGELOGIC"],[540,545,"CANCERTYPE"],[553,554,"STAGECODE"],[558,562,"STAGECODE"],[565,567,"TUMORSTAGECODE"],[648,650,"LYMPHNODESTAGECODE"],[1096,1101,"CANCERTYPE"],[1193,1208,"ECOG"],[1215,1217,"KARNOFSKYSCORE"],[1220,1223,"KARNOFSKYSCORE"]]}],["\r\n\r\nAges Eligible for Study: 18 Years and older (Adult, Older Adult) Sexes Eligible for Study: AllSampling Method: Probability Sample Study Population Stage IIA -  IIIA NSCLC Criteria Inclusion Criteria: >= 18 Years of Age Informed consent is provided Histologically confirmed resectable non-small cell lung cancer with stage II - IIIA (TNM 8th edition) Eastern Cooperative Oncology Group (ECOG) performance status 0-1 Epidermal growth factor receptor  (EGFR) mutation negative and anaplastic lymphoma kinase (ALK) translocation negative and ( KPS 60 - 100 )\r\n\r\n",{"entities":[[29,31,"AGEINT"],[42,47,"AGELOGIC"],[157,160,"STAGECODE"],[164,168,"STAGECODE"],[169,174,"CANCERTYPE"],[204,206,"AGELOGIC"],[207,209,"AGEINT"],[288,314,"CANCERTYPE"],[326,328,"STAGECODE"],[331,335,"STAGECODE"],[354,418,"ECOG"],[419,477,"EGFRMUTATIONSTATUS"],[482,537,"ALKTRANSLOCATIONSTATUS"],[548,550,"KARNOFSKYSCORE"],[553,556,"KARNOFSKYSCORE"]]}],["\r\n\r\nExclusion Criteria:\r\nEGFR mutation positive and ALK translocation positive Active central nervous system (CNS) metastases Autoimmune diseases Inhaled or topical steroids, and adrenal replacement steroid doses > 10 mg daily prednisone equivalent, are permitted in the absence of active autoimmune disease Patients with interstitial lung disease will not be included if they have symptomatic interstitial\r\n\r\n",{"entities":[[25,47,"EGFRMUTATIONSTATUS"],[52,78,"ALKTRANSLOCATIONSTATUS"]]}],["",{"entities":[]}]]}