[{"id":3,"name":"AGELOGIC","color":"light-green-11"},{"id":4,"name":"CANCERTYPE","color":"deep-orange-11"},{"id":5,"name":"CANCERSUBTYPE","color":"pink-11"},{"id":6,"name":"METASTASISSTAGECODE","color":"light-blue-11"},{"id":7,"name":"STAGECODE","color":"lime-11"},{"id":8,"name":"TUMORSTAGECODE","color":"brown-11"},{"id":9,"name":"ECOG","color":"purple-11"},{"id":10,"name":"LYMPHNODESTAGECODE","color":"cyan-11"},{"id":11,"name":"EGFRMUTATIONSTATUS","color":"yellow-11"},{"id":12,"name":"ALKTRANSLOCATIONSTATUS","color":"grey-11"},{"id":15,"name":"KARNOFSKYSCORE","color":"amber-11"},{"id":16,"name":"GENDER","color":"blue-grey-11"},{"id":17,"name":"AGEINT","color":"indigo-11"},{"id":18,"name":"WEIGHTINT","color":"green-11"},{"id":19,"name":"WEIGHTLOGIC","color":"orange-11"}]