{
  "lang":"en",
  "name":"pipeline",
  "version":"0.0.0",
  "spacy_version":">=3.5.0,<3.6.0",
  "description":"",
  "author":"",
  "email":"",
  "url":"",
  "license":"",
  "spacy_git_version":"dec81508d",
  "vectors":{
    "width":0,
    "vectors":0,
    "keys":0,
    "name":null,
    "mode":"default"
  },
  "labels":{
    "tok2vec":[

    ],
    "ner":[
      "AGEINT",
      "AGELOGIC",
      "ALKTRANSLOCATIONSTATUS",
      "CANCERSUBTYPE",
      "CANCERTYPE",
      "ECOG",
      "EGFRMUTATIONSTATUS",
      "GENDER",
      "KARNOFSKYSCORE",
      "LYMPHNODESTAGECODE",
      "METASTASISSTAGECODE",
      "STAGECODE",
      "TUMORSTAGECODE",
      "WEIGHTINT",
      "WEIGHTLOGIC"
    ]
  },
  "pipeline":[
    "tok2vec",
    "ner"
  ],
  "components":[
    "tok2vec",
    "ner"
  ],
  "disabled":[

  ],
  "performance":{
    "ents_f":0.9895287958,
    "ents_p":0.9895287958,
    "ents_r":0.9895287958,
    "ents_per_type":{
      "STAGECODE":{
        "p":0.9894736842,
        "r":0.9894736842,
        "f":0.9894736842
      },
      "CANCERTYPE":{
        "p":0.9791666667,
        "r":0.9791666667,
        "f":0.9791666667
      },
      "AGELOGIC":{
        "p":1.0,
        "r":1.0,
        "f":1.0
      },
      "AGEINT":{
        "p":1.0,
        "r":1.0,
        "f":1.0
      },
      "EGFRMUTATIONSTATUS":{
        "p":1.0,
        "r":1.0,
        "f":1.0
      },
      "ALKTRANSLOCATIONSTATUS":{
        "p":0.9583333333,
        "r":0.9583333333,
        "f":0.9583333333
      },
      "KARNOFSKYSCORE":{
        "p":1.0,
        "r":1.0,
        "f":1.0
      },
      "ECOG":{
        "p":1.0,
        "r":1.0,
        "f":1.0
      },
      "WEIGHTLOGIC":{
        "p":1.0,
        "r":1.0,
        "f":1.0
      },
      "WEIGHTINT":{
        "p":1.0,
        "r":1.0,
        "f":1.0
      },
      "TUMORSTAGECODE":{
        "p":1.0,
        "r":1.0,
        "f":1.0
      },
      "GENDER":{
        "p":1.0,
        "r":1.0,
        "f":1.0
      },
      "CANCERSUBTYPE":{
        "p":0.8333333333,
        "r":0.8333333333,
        "f":0.8333333333
      },
      "METASTASISSTAGECODE":{
        "p":1.0,
        "r":1.0,
        "f":1.0
      },
      "LYMPHNODESTAGECODE":{
        "p":1.0,
        "r":1.0,
        "f":1.0
      }
    },
    "tok2vec_loss":157.4048092078,
    "ner_loss":512.6262272059
  }
}